-- phpMyAdmin SQL Dump
-- version 5.2.0
-- https://www.phpmyadmin.net/
--
-- Host: 127.0.0.1
-- Waktu pembuatan: 09 Sep 2022 pada 09.54
-- Versi server: 10.4.24-MariaDB
-- Versi PHP: 7.4.29

SET SQL_MODE = "NO_AUTO_VALUE_ON_ZERO";
START TRANSACTION;
SET time_zone = "+00:00";


/*!40101 SET @OLD_CHARACTER_SET_CLIENT=@@CHARACTER_SET_CLIENT */;
/*!40101 SET @OLD_CHARACTER_SET_RESULTS=@@CHARACTER_SET_RESULTS */;
/*!40101 SET @OLD_COLLATION_CONNECTION=@@COLLATION_CONNECTION */;
/*!40101 SET NAMES utf8mb4 */;

--
-- Database: `ajg`
--

-- --------------------------------------------------------

--
-- Struktur dari tabel `agen`
--

CREATE TABLE `agen` (
  `id` int(11) NOT NULL,
  `nama` varchar(50) NOT NULL,
  `alamat` varchar(50) NOT NULL,
  `bank` varchar(30) NOT NULL,
  `atas_nama` varchar(50) NOT NULL,
  `no_rek` varchar(25) NOT NULL,
  `tgl_input` datetime NOT NULL,
  `tgl_update` datetime NOT NULL,
  `user_update_by` varchar(30) NOT NULL
) ENGINE=InnoDB DEFAULT CHARSET=utf8mb4;

--
-- Dumping data untuk tabel `agen`
--

INSERT INTO `agen` (`id`, `nama`, `alamat`, `bank`, `atas_nama`, `no_rek`, `tgl_input`, `tgl_update`, `user_update_by`) VALUES
(1, 'UD.ANUGRAH PERKASA', 'BANDUNG', 'BCA', 'Rusdi Salim', '1160487603', '2022-08-26 07:45:18', '2022-09-03 11:41:07', 'admin'),
(2, 'JOEVAN SUKSES MANDIRI', 'Bandung', 'BCA', 'YOVAN TINUS SALIM', '3464885353', '2022-08-26 07:45:55', '0000-00-00 00:00:00', 'admin'),
(3, 'GLOBAL TRIJAYA GARMENT', 'Bandung', 'BCA', 'Livi Agesta', '3466995995', '2022-08-26 07:46:25', '0000-00-00 00:00:00', 'admin');

-- --------------------------------------------------------

--
-- Struktur dari tabel `artikel`
--

CREATE TABLE `artikel` (
  `id` int(11) NOT NULL,
  `artikel` text NOT NULL,
  `tgl_input` datetime NOT NULL,
  `tgl_update` datetime NOT NULL,
  `user_update_by` varchar(30) NOT NULL
) ENGINE=InnoDB DEFAULT CHARSET=utf8mb4;

--
-- Dumping data untuk tabel `artikel`
--

INSERT INTO `artikel` (`id`, `artikel`, `tgl_input`, `tgl_update`, `user_update_by`) VALUES
(1, 'Test1', '2022-08-28 09:37:06', '2022-08-28 09:37:33', 'admin'),
(2, 'artikel 1', '2022-08-28 11:17:37', '0000-00-00 00:00:00', 'admin');

-- --------------------------------------------------------

--
-- Struktur dari tabel `barang`
--

CREATE TABLE `barang` (
  `id` int(11) NOT NULL,
  `id_agen` int(11) NOT NULL,
  `kd_barang` varchar(50) NOT NULL,
  `nama` varchar(50) NOT NULL,
  `artikel` varchar(100) NOT NULL,
  `harga` varchar(20) NOT NULL,
  `qty` varchar(10) NOT NULL,
  `tgl_masuk` date NOT NULL,
  `tgl_input` datetime NOT NULL,
  `tgl_update` datetime NOT NULL,
  `user_update_by` varchar(30) NOT NULL
) ENGINE=InnoDB DEFAULT CHARSET=utf8mb4;

--
-- Dumping data untuk tabel `barang`
--

INSERT INTO `barang` (`id`, `id_agen`, `kd_barang`, `nama`, `artikel`, `harga`, `qty`, `tgl_masuk`, `tgl_input`, `tgl_update`, `user_update_by`) VALUES
(23, 3, '001', 'BLOUSE MELAJOE', 'LUNA MIDI ROSE', '105000', '6', '2022-08-01', '2022-09-03 11:46:05', '0000-00-00 00:00:00', 'HERMAN'),
(24, 3, '002', 'BLOUSE MELAJOE', 'LUNA MIDI GREY', '105000', '6', '2022-08-01', '2022-09-03 11:46:58', '0000-00-00 00:00:00', 'HERMAN'),
(25, 3, '003', 'BLOUSE MELAJOE', 'LUNA MIDI HITAM', '105000', '6', '2022-08-01', '2022-09-03 11:47:29', '0000-00-00 00:00:00', 'HERMAN'),
(26, 3, '004', 'BLOUSE MELAJOE', 'AURA SAGEGREEN', '95000', '6', '2022-08-01', '2022-09-03 11:48:19', '0000-00-00 00:00:00', 'HERMAN'),
(27, 3, '005', 'BLOUSE MELAJOE', 'AURA HITAM', '95000', '6', '2022-08-01', '2022-09-03 11:48:46', '0000-00-00 00:00:00', 'HERMAN'),
(28, 3, '006', 'BLOUSE MELAJOE', 'AURA INDIGO BLUE', '95000', '6', '2022-08-01', '2022-09-03 11:49:16', '0000-00-00 00:00:00', 'HERMAN'),
(29, 3, '007', 'BLOUSE MELAJOE', 'MIRA PINK', '95000', '6', '2022-08-01', '2022-09-03 11:49:42', '0000-00-00 00:00:00', 'HERMAN'),
(30, 3, '008', 'BLOUSE MELAJOE', 'MIRA COFFE', '95000', '6', '2022-08-01', '2022-09-03 11:50:07', '0000-00-00 00:00:00', 'HERMAN'),
(31, 3, '009', 'BLOUSE MELAJOE', 'MIRA GREY', '95000', '6', '2022-08-01', '2022-09-03 11:50:38', '0000-00-00 00:00:00', 'HERMAN'),
(32, 3, '010', 'BLOUSE MELAJOE', 'ARUM PEACH', '95000', '6', '2022-08-01', '2022-09-03 11:51:12', '0000-00-00 00:00:00', 'HERMAN'),
(33, 3, '011', 'BLOUSE MELAJOE', 'ARUM CHOCO', '95000', '6', '2022-08-01', '2022-09-03 11:51:41', '0000-00-00 00:00:00', 'HERMAN'),
(34, 3, '012', 'BLOUSE MELAJOE', 'KALA SILVER', '95000', '6', '2022-08-01', '2022-09-03 11:53:29', '0000-00-00 00:00:00', 'HERMAN'),
(35, 3, '013', 'BLOUSE MELAJOE', 'KALA PINK', '95000', '6', '2022-08-01', '2022-09-03 11:53:58', '0000-00-00 00:00:00', 'HERMAN'),
(36, 3, '014', 'BLOUSE MELAJOE', 'KALA ROSE', '95000', '6', '2022-08-01', '2022-09-03 11:54:28', '0000-00-00 00:00:00', 'HERMAN'),
(37, 3, '015', 'BLOUSE MELAJOE', 'KALA MOCCA', '95000', '6', '2022-08-01', '2022-09-03 11:55:13', '0000-00-00 00:00:00', 'HERMAN'),
(38, 3, '016', 'BLOUSE MELAJOE', 'SHINTA PINK', '95000', '6', '2022-08-01', '2022-09-03 11:55:57', '0000-00-00 00:00:00', 'HERMAN'),
(39, 3, '017', 'BLOUSE MELAJOE', 'SHINTA MOCCA', '95000', '6', '2022-08-01', '2022-09-03 11:56:24', '0000-00-00 00:00:00', 'HERMAN'),
(40, 3, '018', 'BLOUSE MELAJOE', 'LILY MIDI CREAM', '105000', '6', '2022-08-01', '2022-09-03 11:57:08', '0000-00-00 00:00:00', 'HERMAN'),
(41, 3, '019', 'BLOUSE MELAJOE', 'LILY MIDI HITAM', '105000', '6', '2022-08-01', '2022-09-03 11:57:36', '0000-00-00 00:00:00', 'HERMAN'),
(42, 3, '020', 'BLOUSE MELAJOE', 'LILY MIDI ROSE', '105000', '6', '2022-08-01', '2022-09-03 11:58:03', '0000-00-00 00:00:00', 'HERMAN'),
(43, 3, '021', 'COLOR REVINO', '0005', '45000', '24', '2022-08-01', '2022-09-03 11:59:06', '0000-00-00 00:00:00', 'HERMAN'),
(44, 3, '022', 'COLOR REVINO', '0041', '45000', '24', '2022-08-01', '2022-09-03 11:59:24', '0000-00-00 00:00:00', 'HERMAN'),
(45, 3, '023', 'COLOR REVINO', '0037', '45000', '24', '2022-08-01', '2022-09-03 11:59:44', '0000-00-00 00:00:00', 'HERMAN'),
(46, 3, '024', 'COLOR REVINO', '0042', '45000', '24', '2022-08-01', '2022-09-03 12:00:07', '0000-00-00 00:00:00', 'HERMAN'),
(47, 3, '025', 'COLOR REVINO ', '0040', '45000', '24', '2022-08-01', '2022-09-03 12:00:41', '2022-09-03 12:09:17', 'HERMAN');

-- --------------------------------------------------------

--
-- Struktur dari tabel `faktur_retur`
--

CREATE TABLE `faktur_retur` (
  `id` int(11) NOT NULL,
  `id_agen` int(11) NOT NULL,
  `saldo_akhir` varchar(50) NOT NULL,
  `harga` varchar(30) NOT NULL,
  `qty` varchar(25) NOT NULL,
  `transaksi` varchar(20) NOT NULL,
  `nama_sales` varchar(30) NOT NULL,
  `no_faktur` varchar(15) NOT NULL,
  `nama_rute` varchar(25) NOT NULL,
  `status` varchar(10) NOT NULL,
  `tgl_input` datetime NOT NULL,
  `tgl_update` datetime NOT NULL,
  `user_update_by` varchar(30) NOT NULL
) ENGINE=InnoDB DEFAULT CHARSET=utf8mb4;

--
-- Dumping data untuk tabel `faktur_retur`
--

INSERT INTO `faktur_retur` (`id`, `id_agen`, `saldo_akhir`, `harga`, `qty`, `transaksi`, `nama_sales`, `no_faktur`, `nama_rute`, `status`, `tgl_input`, `tgl_update`, `user_update_by`) VALUES
(1, 3, '6', '80000', '6', 'FAKTUR', 'HERMAN', '1000', 'CIREBON', 'Fresh', '2022-08-26 09:34:43', '0000-00-00 00:00:00', 'admin');

-- --------------------------------------------------------

--
-- Struktur dari tabel `kategori`
--

CREATE TABLE `kategori` (
  `id` int(11) NOT NULL,
  `nama` varchar(50) NOT NULL,
  `gambar` text NOT NULL,
  `tgl_input` datetime NOT NULL,
  `tgl_update` datetime NOT NULL,
  `user_update_by` varchar(30) NOT NULL
) ENGINE=InnoDB DEFAULT CHARSET=utf8mb4;

--
-- Dumping data untuk tabel `kategori`
--

INSERT INTO `kategori` (`id`, `nama`, `gambar`, `tgl_input`, `tgl_update`, `user_update_by`) VALUES
(1, 'Laptop', 'Gambar_20220628154945.jpg', '2022-06-28 15:49:45', '2022-06-28 16:12:53', 'admin'),
(2, 'Printer', 'Gambar_20220630094639.jpeg', '2022-06-28 15:51:51', '2022-06-30 09:46:39', 'admin');

-- --------------------------------------------------------

--
-- Struktur dari tabel `master_user`
--

CREATE TABLE `master_user` (
  `id` int(11) NOT NULL,
  `username` varchar(30) NOT NULL,
  `userpass` text NOT NULL,
  `status_login` int(11) NOT NULL DEFAULT 0 COMMENT '0: blm login/sudah logout\r\n1: login',
  `usertoken` text DEFAULT NULL,
  `last_login` datetime DEFAULT NULL,
  `last_logout` datetime DEFAULT NULL,
  `tgl_input` datetime NOT NULL,
  `tgl_update` datetime NOT NULL,
  `user_update_by` varchar(30) NOT NULL
) ENGINE=InnoDB DEFAULT CHARSET=utf8mb4;

--
-- Dumping data untuk tabel `master_user`
--

INSERT INTO `master_user` (`id`, `username`, `userpass`, `status_login`, `usertoken`, `last_login`, `last_logout`, `tgl_input`, `tgl_update`, `user_update_by`) VALUES
(1, 'admin', '0192023a7bbd73250516f069df18b500', 1, NULL, '2022-09-09 09:25:08', NULL, '2021-11-04 16:33:37', '2022-06-17 05:10:39', 'admin'),
(2112, 'HERMAN', '5d009fa927aefdce94fc570d1dbb3667', 0, NULL, NULL, '2022-09-03 12:39:22', '2022-09-03 11:41:35', '0000-00-00 00:00:00', 'admin');

-- --------------------------------------------------------

--
-- Struktur dari tabel `penjualan`
--

CREATE TABLE `penjualan` (
  `id` int(11) NOT NULL,
  `id_barang` int(11) NOT NULL,
  `nama_sales` varchar(50) NOT NULL,
  `nama_pembeli` varchar(50) NOT NULL,
  `alamat` varchar(50) DEFAULT NULL,
  `qty` varchar(50) DEFAULT NULL,
  `jumlah` varchar(30) DEFAULT NULL,
  `tgl_pembelian` date NOT NULL,
  `no_kwitansi` varchar(20) NOT NULL,
  `tgl_input` datetime NOT NULL,
  `tgl_update` datetime NOT NULL,
  `user_update_by` varchar(30) NOT NULL
) ENGINE=InnoDB DEFAULT CHARSET=utf8mb4;

--
-- Dumping data untuk tabel `penjualan`
--

INSERT INTO `penjualan` (`id`, `id_barang`, `nama_sales`, `nama_pembeli`, `alamat`, `qty`, `jumlah`, `tgl_pembelian`, `no_kwitansi`, `tgl_input`, `tgl_update`, `user_update_by`) VALUES
(163, 17, 'HERMAN', 'CINTA', 'JKT', '6', '270000', '2022-09-03', '001', '2022-09-03 12:21:58', '0000-00-00 00:00:00', 'HERMAN'),
(188, 17, 'Herman', 'bella', 'plaju', '3', '135000', '2022-09-07', '002', '2022-09-07 08:22:41', '0000-00-00 00:00:00', 'admin'),
(189, 18, 'Herman', 'bella', 'plaju', '3', '135000', '2022-09-07', '002', '2022-09-07 08:22:41', '0000-00-00 00:00:00', 'admin'),
(213, 41, 'Akbar', 'Bella', 'Plaju', '3', '135000', '2022-09-08', '003', '2022-09-08 09:05:31', '0000-00-00 00:00:00', 'admin'),
(217, 1, 'Hendra', 'Bece', 'Plaju', '6', '630000', '2022-09-08', '004', '2022-09-08 10:56:30', '0000-00-00 00:00:00', 'admin'),
(218, 2, 'Hendra', 'Bece', 'Plaju', '5', '225000', '2022-09-08', '004', '2022-09-08 10:56:30', '0000-00-00 00:00:00', 'admin'),
(220, 0, 'r', 'r', 'r', '3', '315000', '2022-09-09', '005', '2022-09-09 04:06:49', '0000-00-00 00:00:00', 'admin'),
(221, 1, 'r', 'r', 'r', '2', '210000', '2022-09-09', '005', '2022-09-09 04:06:49', '0000-00-00 00:00:00', 'admin'),
(397, 0, 'h', 'h', 'h', '5', '525000', '2022-09-09', '006', '2022-09-09 04:20:55', '0000-00-00 00:00:00', 'admin'),
(425, 0, 'k', 'k', 'k', '2', '210000', '2022-09-09', '007', '2022-09-09 04:28:03', '0000-00-00 00:00:00', 'admin'),
(426, 1, 'k', 'k', 'k', '3', '135000', '2022-09-09', '007', '2022-09-09 04:28:03', '0000-00-00 00:00:00', 'admin'),
(429, 16, 'h', 'h', 'h', '2', '210000', '2022-09-09', '008', '2022-09-09 04:30:42', '0000-00-00 00:00:00', 'admin'),
(430, 36, 'k', 'k', 'k', '3', '135000', '2022-09-09', '009', '2022-09-09 04:31:01', '0000-00-00 00:00:00', 'admin'),
(431, 39, 'k', 'k', 'k', '4', '180000', '2022-09-09', '009', '2022-09-09 04:31:01', '0000-00-00 00:00:00', 'admin'),
(432, 36, 'bella', 'test', 'plaju', '3', '135000', '2022-09-09', '010', '2022-09-09 09:45:46', '0000-00-00 00:00:00', 'admin'),
(433, 39, 'bella', 'test', 'plaju', '3', '135000', '2022-09-09', '010', '2022-09-09 09:45:46', '0000-00-00 00:00:00', 'admin'),
(434, 40, 'bella', 'test', 'plaju', '3', '135000', '2022-09-09', '010', '2022-09-09 09:45:46', '0000-00-00 00:00:00', 'admin'),
(435, 41, 'test', 'test', 'plaju', '3', '135000', '2022-09-09', '011', '2022-09-09 09:48:09', '0000-00-00 00:00:00', 'admin'),
(436, 38, 'test', 'test', 'plaju', '3', '135000', '2022-09-09', '011', '2022-09-09 09:48:09', '0000-00-00 00:00:00', 'admin');

-- --------------------------------------------------------

--
-- Struktur dari tabel `stok`
--

CREATE TABLE `stok` (
  `id` int(11) NOT NULL,
  `id_agen` int(11) NOT NULL,
  `kd_barang` varchar(50) NOT NULL,
  `nama` varchar(50) NOT NULL,
  `harga` varchar(20) NOT NULL,
  `stok` varchar(10) NOT NULL,
  `artikel` varchar(100) NOT NULL,
  `tgl_input` datetime NOT NULL,
  `tgl_update` datetime NOT NULL,
  `user_update_by` varchar(30) NOT NULL
) ENGINE=InnoDB DEFAULT CHARSET=utf8mb4;

--
-- Dumping data untuk tabel `stok`
--

INSERT INTO `stok` (`id`, `id_agen`, `kd_barang`, `nama`, `harga`, `stok`, `artikel`, `tgl_input`, `tgl_update`, `user_update_by`) VALUES
(16, 3, '001', 'BLOUSE MELAJOE', '105000', '30', 'LUNA MIDI ROSE', '2022-09-03 11:46:05', '2022-09-09 04:24:14', 'admin'),
(17, 3, '002', 'BLOUSE MELAJOE', '105000', '30', 'LUNA MIDI GREY', '2022-09-03 11:46:58', '2022-09-09 04:23:29', 'admin'),
(18, 3, '003', 'BLOUSE MELAJOE', '105000', '30', 'LUNA MIDI HITAM', '2022-09-03 11:47:29', '2022-09-09 04:20:55', 'admin'),
(19, 3, '004', 'BLOUSE MELAJOE', '95000', '30', 'AURA SAGEGREEN', '2022-09-03 11:48:19', '2022-09-09 04:20:55', 'admin'),
(20, 3, '005', 'BLOUSE MELAJOE', '95000', '30', 'AURA HITAM', '2022-09-03 11:48:46', '2022-09-09 04:20:55', 'admin'),
(21, 3, '006', 'BLOUSE MELAJOE', '95000', '30', 'AURA INDIGO BLUE', '2022-09-03 11:49:16', '2022-09-09 04:20:55', 'admin'),
(22, 3, '007', 'BLOUSE MELAJOE', '95000', '30', 'MIRA PINK', '2022-09-03 11:49:42', '2022-09-09 04:20:55', 'admin'),
(23, 3, '008', 'BLOUSE MELAJOE', '95000', '30', 'MIRA COFFE', '2022-09-03 11:50:07', '2022-09-09 04:20:55', 'admin'),
(24, 3, '009', 'BLOUSE MELAJOE', '95000', '30', 'MIRA GREY', '2022-09-03 11:50:38', '2022-09-09 04:20:55', 'admin'),
(25, 3, '010', 'BLOUSE MELAJOE', '95000', '30', 'ARUM PEACH', '2022-09-03 11:51:12', '2022-09-09 04:18:47', 'admin'),
(26, 3, '011', 'BLOUSE MELAJOE', '95000', '30', 'ARUM CHOCO', '2022-09-03 11:51:41', '2022-09-09 04:18:47', 'admin'),
(27, 3, '012', 'BLOUSE MELAJOE', '95000', '30', 'KALA SILVER', '2022-09-03 11:53:29', '2022-09-09 04:18:47', 'admin'),
(28, 3, '013', 'BLOUSE MELAJOE', '95000', '30', 'KALA PINK', '2022-09-03 11:53:58', '2022-09-09 04:18:47', 'admin'),
(29, 3, '014', 'BLOUSE MELAJOE', '95000', '30', 'KALA ROSE', '2022-09-03 11:54:28', '2022-09-09 04:18:47', 'admin'),
(30, 3, '015', 'BLOUSE MELAJOE', '95000', '30', 'KALA MOCCA', '2022-09-03 11:55:13', '2022-09-09 04:18:47', 'admin'),
(31, 3, '016', 'BLOUSE MELAJOE', '95000', '30', 'SHINTA PINK', '2022-09-03 11:55:57', '2022-09-09 04:18:47', 'admin'),
(32, 3, '017', 'BLOUSE MELAJOE', '95000', '30', 'SHINTA MOCCA', '2022-09-03 11:56:24', '2022-09-09 04:18:47', 'admin'),
(33, 3, '018', 'BLOUSE MELAJOE', '105000', '30', 'LILY MIDI CREAM', '2022-09-03 11:57:08', '2022-09-09 04:18:47', 'admin'),
(34, 3, '019', 'BLOUSE MELAJOE', '105000', '30', 'LILY MIDI HITAM', '2022-09-03 11:57:36', '2022-09-09 04:18:47', 'admin'),
(35, 3, '020', 'BLOUSE MELAJOE', '105000', '30', 'LILY MIDI ROSE', '2022-09-03 11:58:03', '2022-09-09 04:18:47', 'admin'),
(36, 3, '021', 'COLOR REVINO', '45000', '30', '0005', '2022-09-03 11:59:06', '2022-09-09 04:18:47', 'admin'),
(37, 3, '022', 'COLOR REVINO', '45000', '30', '0041', '2022-09-03 11:59:24', '2022-09-09 04:18:47', 'admin'),
(38, 3, '023', 'COLOR REVINO', '45000', '30', '0037', '2022-09-03 11:59:44', '2022-09-09 04:18:47', 'admin'),
(39, 3, '024', 'COLOR REVINO', '45000', '30', '0042', '2022-09-03 12:00:07', '2022-09-09 04:18:47', 'admin'),
(40, 3, '025', 'COLOR REVINO', '45000', '30', '0040', '2022-09-03 12:00:41', '2022-09-09 04:18:47', 'admin'),
(41, 3, '026', 'COLOR REVINO', '45000', '30', '0090', '2022-09-03 12:21:28', '2022-09-09 04:18:47', 'admin');

-- --------------------------------------------------------

--
-- Struktur dari tabel `tagihan`
--

CREATE TABLE `tagihan` (
  `id` int(11) NOT NULL,
  `id_agen` int(11) NOT NULL,
  `no_faktur` varchar(15) DEFAULT NULL,
  `nota` varchar(15) NOT NULL,
  `customer` varchar(30) NOT NULL,
  `jumlah` varchar(30) DEFAULT NULL,
  `tgl_input` datetime NOT NULL,
  `tgl_update` datetime NOT NULL,
  `user_update_by` varchar(30) NOT NULL
) ENGINE=InnoDB DEFAULT CHARSET=utf8mb4;

--
-- Dumping data untuk tabel `tagihan`
--

INSERT INTO `tagihan` (`id`, `id_agen`, `no_faktur`, `nota`, `customer`, `jumlah`, `tgl_input`, `tgl_update`, `user_update_by`) VALUES
(1, 0, '1', '003', 'bella', '0', '2022-08-26 14:50:09', '2022-08-26 14:56:22', 'admin'),
(2, 1, '33', '005', 'ayu', NULL, '2022-08-27 07:43:05', '0000-00-00 00:00:00', 'admin'),
(3, 2, NULL, '006', 'bella', NULL, '2022-08-28 12:32:27', '0000-00-00 00:00:00', 'admin'),
(4, 2, NULL, '006', 'bella', NULL, '2022-08-28 12:32:27', '0000-00-00 00:00:00', 'admin'),
(5, 2, NULL, '006', 'bella', NULL, '2022-08-28 12:32:27', '0000-00-00 00:00:00', 'admin'),
(6, 2, NULL, '007', 'bece', NULL, '2022-08-28 12:34:16', '0000-00-00 00:00:00', 'admin'),
(7, 2, NULL, '007', 'bece', NULL, '2022-08-28 12:34:16', '0000-00-00 00:00:00', 'admin'),
(8, 2, NULL, '007', 'bece', NULL, '2022-08-28 12:34:16', '0000-00-00 00:00:00', 'admin'),
(9, 2, NULL, '008', 'bella', NULL, '2022-08-28 12:36:41', '0000-00-00 00:00:00', 'admin'),
(10, 2, NULL, '008', 'bella', NULL, '2022-08-28 12:36:41', '0000-00-00 00:00:00', 'admin'),
(11, 2, NULL, '008', 'bella', NULL, '2022-08-28 12:36:41', '0000-00-00 00:00:00', 'admin'),
(12, 2, NULL, '009', 'sintia', NULL, '2022-08-28 12:37:29', '0000-00-00 00:00:00', 'admin'),
(13, 2, NULL, '009', 'sintia', NULL, '2022-08-28 12:37:29', '0000-00-00 00:00:00', 'admin'),
(14, 2, NULL, '009', 'sintia', NULL, '2022-08-28 12:37:29', '0000-00-00 00:00:00', 'admin'),
(15, 2, NULL, '010', 'bella', NULL, '2022-08-28 12:38:54', '0000-00-00 00:00:00', 'admin'),
(16, 2, NULL, '010', 'bella', NULL, '2022-08-28 12:38:54', '0000-00-00 00:00:00', 'admin'),
(17, 2, NULL, '010', 'bella', NULL, '2022-08-28 12:38:54', '0000-00-00 00:00:00', 'admin'),
(18, 2, NULL, '011', 'dessy', NULL, '2022-08-28 12:39:24', '0000-00-00 00:00:00', 'admin'),
(19, 2, NULL, '011', 'dessy', NULL, '2022-08-28 12:39:24', '0000-00-00 00:00:00', 'admin'),
(20, 2, NULL, '011', 'dessy', NULL, '2022-08-28 12:39:24', '0000-00-00 00:00:00', 'admin'),
(22, 3, NULL, '012', 'DIMALSA', '0', '2022-08-29 08:24:43', '0000-00-00 00:00:00', 'admin'),
(23, 3, NULL, '012', 'DIMALSA', '0', '2022-08-29 08:24:43', '0000-00-00 00:00:00', 'admin'),
(35, 3, NULL, '014', 'DIMALSA', '0', '2022-08-29 08:53:32', '0000-00-00 00:00:00', 'admin'),
(36, 3, NULL, '014', 'DIMALSA', '0', '2022-08-29 08:53:32', '0000-00-00 00:00:00', 'admin'),
(37, 3, NULL, '014', 'DIMALSA', '0', '2022-08-29 08:53:32', '0000-00-00 00:00:00', 'admin'),
(55, 3, NULL, '001', 'CINTA DAMAI', '270000', '2022-09-03 12:04:40', '0000-00-00 00:00:00', 'HERMAN'),
(56, 3, NULL, '001', 'CINTA DAMAI', '270000', '2022-09-03 12:04:40', '0000-00-00 00:00:00', 'HERMAN'),
(57, 3, NULL, '001', 'CINTA DAMAI', '270000', '2022-09-03 12:04:40', '0000-00-00 00:00:00', 'HERMAN'),
(58, 3, NULL, '001', 'CINTA DAMAI', '270000', '2022-09-03 12:04:40', '0000-00-00 00:00:00', 'HERMAN'),
(59, 3, NULL, '001', 'CINTA DAMAI', '270000', '2022-09-03 12:04:40', '0000-00-00 00:00:00', 'HERMAN'),
(60, 3, NULL, '001', 'CINTA DAMAI', '0', '2022-09-03 12:04:40', '0000-00-00 00:00:00', 'HERMAN'),
(61, 3, NULL, '001', 'CINTA DAMAI', '0', '2022-09-03 12:04:40', '0000-00-00 00:00:00', 'HERMAN'),
(62, 3, NULL, '001', 'CINTA DAMAI', '0', '2022-09-03 12:04:40', '0000-00-00 00:00:00', 'HERMAN'),
(63, 3, NULL, '001', 'CINTA DAMAI', '0', '2022-09-03 12:04:40', '0000-00-00 00:00:00', 'HERMAN'),
(64, 3, NULL, '001', 'CINTA DAMAI', '0', '2022-09-03 12:04:40', '0000-00-00 00:00:00', 'HERMAN'),
(65, 3, NULL, '001', 'CINTA DAMAI', '0', '2022-09-03 12:04:40', '0000-00-00 00:00:00', 'HERMAN'),
(66, 3, NULL, '001', 'CINTA DAMAI', '0', '2022-09-03 12:04:40', '0000-00-00 00:00:00', 'HERMAN'),
(67, 3, NULL, '001', 'CINTA DAMAI', '0', '2022-09-03 12:04:40', '0000-00-00 00:00:00', 'HERMAN'),
(68, 3, NULL, '001', 'CINTA DAMAI', '0', '2022-09-03 12:04:40', '0000-00-00 00:00:00', 'HERMAN'),
(69, 3, NULL, '001', 'CINTA DAMAI', '0', '2022-09-03 12:04:40', '0000-00-00 00:00:00', 'HERMAN'),
(70, 3, NULL, '001', 'CINTA DAMAI', '0', '2022-09-03 12:04:40', '0000-00-00 00:00:00', 'HERMAN'),
(71, 3, NULL, '001', 'CINTA DAMAI', '0', '2022-09-03 12:04:40', '0000-00-00 00:00:00', 'HERMAN'),
(72, 3, NULL, '001', 'CINTA DAMAI', '0', '2022-09-03 12:04:40', '0000-00-00 00:00:00', 'HERMAN'),
(73, 3, NULL, '001', 'CINTA DAMAI', '0', '2022-09-03 12:04:40', '0000-00-00 00:00:00', 'HERMAN'),
(74, 3, NULL, '001', 'CINTA DAMAI', '0', '2022-09-03 12:04:40', '0000-00-00 00:00:00', 'HERMAN'),
(75, 3, NULL, '001', 'CINTA DAMAI', '0', '2022-09-03 12:04:40', '0000-00-00 00:00:00', 'HERMAN'),
(76, 3, NULL, '001', 'CINTA DAMAI', '0', '2022-09-03 12:04:40', '0000-00-00 00:00:00', 'HERMAN'),
(77, 3, NULL, '001', 'CINTA DAMAI', '0', '2022-09-03 12:04:40', '0000-00-00 00:00:00', 'HERMAN'),
(78, 3, NULL, '001', 'CINTA DAMAI', '0', '2022-09-03 12:04:40', '0000-00-00 00:00:00', 'HERMAN'),
(79, 3, NULL, '001', 'CINTA DAMAI', '0', '2022-09-03 12:04:40', '0000-00-00 00:00:00', 'HERMAN'),
(80, 3, NULL, '001', 'CINTA DAMAI ', '270000', '2022-09-03 12:16:31', '0000-00-00 00:00:00', 'HERMAN'),
(81, 3, NULL, '001', 'CINTA DAMAI ', '0', '2022-09-03 12:16:31', '0000-00-00 00:00:00', 'HERMAN'),
(82, 3, NULL, '001', 'CINTA DAMAI ', '0', '2022-09-03 12:16:31', '0000-00-00 00:00:00', 'HERMAN'),
(83, 3, NULL, '001', 'CINTA DAMAI ', '0', '2022-09-03 12:16:31', '0000-00-00 00:00:00', 'HERMAN'),
(84, 3, NULL, '001', 'CINTA DAMAI ', '0', '2022-09-03 12:16:31', '0000-00-00 00:00:00', 'HERMAN'),
(85, 3, NULL, '001', 'CINTA DAMAI ', '0', '2022-09-03 12:16:31', '0000-00-00 00:00:00', 'HERMAN'),
(86, 3, NULL, '001', 'CINTA DAMAI ', '0', '2022-09-03 12:16:31', '0000-00-00 00:00:00', 'HERMAN'),
(87, 3, NULL, '001', 'CINTA DAMAI ', '0', '2022-09-03 12:16:31', '0000-00-00 00:00:00', 'HERMAN'),
(88, 3, NULL, '001', 'CINTA DAMAI ', '0', '2022-09-03 12:16:31', '0000-00-00 00:00:00', 'HERMAN'),
(89, 3, NULL, '001', 'CINTA DAMAI ', '0', '2022-09-03 12:16:31', '0000-00-00 00:00:00', 'HERMAN'),
(90, 3, NULL, '001', 'CINTA DAMAI ', '0', '2022-09-03 12:16:31', '0000-00-00 00:00:00', 'HERMAN'),
(91, 3, NULL, '001', 'CINTA DAMAI ', '0', '2022-09-03 12:16:31', '0000-00-00 00:00:00', 'HERMAN'),
(92, 3, NULL, '001', 'CINTA DAMAI ', '0', '2022-09-03 12:16:31', '0000-00-00 00:00:00', 'HERMAN'),
(93, 3, NULL, '001', 'CINTA DAMAI ', '0', '2022-09-03 12:16:31', '0000-00-00 00:00:00', 'HERMAN'),
(94, 3, NULL, '001', 'CINTA DAMAI ', '0', '2022-09-03 12:16:31', '0000-00-00 00:00:00', 'HERMAN'),
(95, 3, NULL, '001', 'CINTA DAMAI ', '0', '2022-09-03 12:16:31', '0000-00-00 00:00:00', 'HERMAN'),
(96, 3, NULL, '001', 'CINTA DAMAI ', '0', '2022-09-03 12:16:31', '0000-00-00 00:00:00', 'HERMAN'),
(97, 3, NULL, '001', 'CINTA DAMAI ', '0', '2022-09-03 12:16:31', '0000-00-00 00:00:00', 'HERMAN'),
(98, 3, NULL, '001', 'CINTA DAMAI ', '0', '2022-09-03 12:16:31', '0000-00-00 00:00:00', 'HERMAN'),
(99, 3, NULL, '001', 'CINTA DAMAI ', '0', '2022-09-03 12:16:31', '0000-00-00 00:00:00', 'HERMAN'),
(100, 3, NULL, '001', 'CINTA DAMAI ', '0', '2022-09-03 12:16:31', '0000-00-00 00:00:00', 'HERMAN'),
(101, 3, NULL, '001', 'CINTA DAMAI ', '0', '2022-09-03 12:16:31', '0000-00-00 00:00:00', 'HERMAN'),
(102, 3, NULL, '001', 'CINTA DAMAI ', '0', '2022-09-03 12:16:31', '0000-00-00 00:00:00', 'HERMAN'),
(103, 3, NULL, '001', 'CINTA DAMAI ', '0', '2022-09-03 12:16:31', '0000-00-00 00:00:00', 'HERMAN'),
(104, 3, NULL, '002', 'CINTA DAMAI ', '270000', '2022-09-03 12:16:35', '0000-00-00 00:00:00', 'HERMAN'),
(105, 3, NULL, '002', 'CINTA DAMAI ', '0', '2022-09-03 12:16:35', '0000-00-00 00:00:00', 'HERMAN'),
(106, 3, NULL, '002', 'CINTA DAMAI ', '0', '2022-09-03 12:16:35', '0000-00-00 00:00:00', 'HERMAN'),
(107, 3, NULL, '002', 'CINTA DAMAI ', '0', '2022-09-03 12:16:35', '0000-00-00 00:00:00', 'HERMAN'),
(108, 3, NULL, '002', 'CINTA DAMAI ', '0', '2022-09-03 12:16:35', '0000-00-00 00:00:00', 'HERMAN'),
(109, 3, NULL, '002', 'CINTA DAMAI ', '0', '2022-09-03 12:16:35', '0000-00-00 00:00:00', 'HERMAN'),
(110, 3, NULL, '002', 'CINTA DAMAI ', '0', '2022-09-03 12:16:35', '0000-00-00 00:00:00', 'HERMAN'),
(111, 3, NULL, '002', 'CINTA DAMAI ', '0', '2022-09-03 12:16:35', '0000-00-00 00:00:00', 'HERMAN'),
(112, 3, NULL, '002', 'CINTA DAMAI ', '0', '2022-09-03 12:16:35', '0000-00-00 00:00:00', 'HERMAN'),
(113, 3, NULL, '002', 'CINTA DAMAI ', '0', '2022-09-03 12:16:35', '0000-00-00 00:00:00', 'HERMAN'),
(114, 3, NULL, '002', 'CINTA DAMAI ', '0', '2022-09-03 12:16:35', '0000-00-00 00:00:00', 'HERMAN'),
(115, 3, NULL, '002', 'CINTA DAMAI ', '0', '2022-09-03 12:16:35', '0000-00-00 00:00:00', 'HERMAN'),
(116, 3, NULL, '002', 'CINTA DAMAI ', '0', '2022-09-03 12:16:35', '0000-00-00 00:00:00', 'HERMAN'),
(117, 3, NULL, '002', 'CINTA DAMAI ', '0', '2022-09-03 12:16:35', '0000-00-00 00:00:00', 'HERMAN'),
(118, 3, NULL, '002', 'CINTA DAMAI ', '0', '2022-09-03 12:16:35', '0000-00-00 00:00:00', 'HERMAN'),
(119, 3, NULL, '002', 'CINTA DAMAI ', '0', '2022-09-03 12:16:35', '0000-00-00 00:00:00', 'HERMAN'),
(120, 3, NULL, '002', 'CINTA DAMAI ', '0', '2022-09-03 12:16:35', '0000-00-00 00:00:00', 'HERMAN'),
(121, 3, NULL, '002', 'CINTA DAMAI ', '0', '2022-09-03 12:16:35', '0000-00-00 00:00:00', 'HERMAN'),
(122, 3, NULL, '002', 'CINTA DAMAI ', '0', '2022-09-03 12:16:35', '0000-00-00 00:00:00', 'HERMAN'),
(123, 3, NULL, '002', 'CINTA DAMAI ', '0', '2022-09-03 12:16:35', '0000-00-00 00:00:00', 'HERMAN'),
(124, 3, NULL, '002', 'CINTA DAMAI ', '0', '2022-09-03 12:16:35', '0000-00-00 00:00:00', 'HERMAN'),
(125, 3, NULL, '002', 'CINTA DAMAI ', '0', '2022-09-03 12:16:35', '0000-00-00 00:00:00', 'HERMAN'),
(126, 3, NULL, '002', 'CINTA DAMAI ', '0', '2022-09-03 12:16:35', '0000-00-00 00:00:00', 'HERMAN'),
(127, 3, NULL, '002', 'CINTA DAMAI ', '0', '2022-09-03 12:16:35', '0000-00-00 00:00:00', 'HERMAN'),
(128, 3, NULL, '001', 'CINTA', '270000', '2022-09-03 12:21:58', '0000-00-00 00:00:00', 'HERMAN'),
(129, 3, NULL, '001', 'CINTA', '0', '2022-09-03 12:21:58', '0000-00-00 00:00:00', 'HERMAN'),
(130, 3, NULL, '001', 'CINTA', '0', '2022-09-03 12:21:58', '0000-00-00 00:00:00', 'HERMAN'),
(131, 3, NULL, '001', 'CINTA', '0', '2022-09-03 12:21:58', '0000-00-00 00:00:00', 'HERMAN'),
(132, 3, NULL, '001', 'CINTA', '0', '2022-09-03 12:21:58', '0000-00-00 00:00:00', 'HERMAN'),
(133, 3, NULL, '001', 'CINTA', '0', '2022-09-03 12:21:58', '0000-00-00 00:00:00', 'HERMAN'),
(134, 3, NULL, '001', 'CINTA', '0', '2022-09-03 12:21:58', '0000-00-00 00:00:00', 'HERMAN'),
(135, 3, NULL, '001', 'CINTA', '0', '2022-09-03 12:21:58', '0000-00-00 00:00:00', 'HERMAN'),
(136, 3, NULL, '001', 'CINTA', '0', '2022-09-03 12:21:58', '0000-00-00 00:00:00', 'HERMAN'),
(137, 3, NULL, '001', 'CINTA', '0', '2022-09-03 12:21:58', '0000-00-00 00:00:00', 'HERMAN'),
(138, 3, NULL, '001', 'CINTA', '0', '2022-09-03 12:21:58', '0000-00-00 00:00:00', 'HERMAN'),
(139, 3, NULL, '001', 'CINTA', '0', '2022-09-03 12:21:58', '0000-00-00 00:00:00', 'HERMAN'),
(140, 3, NULL, '001', 'CINTA', '0', '2022-09-03 12:21:58', '0000-00-00 00:00:00', 'HERMAN'),
(141, 3, NULL, '001', 'CINTA', '0', '2022-09-03 12:21:58', '0000-00-00 00:00:00', 'HERMAN'),
(142, 3, NULL, '001', 'CINTA', '0', '2022-09-03 12:21:58', '0000-00-00 00:00:00', 'HERMAN'),
(143, 3, NULL, '001', 'CINTA', '0', '2022-09-03 12:21:58', '0000-00-00 00:00:00', 'HERMAN'),
(144, 3, NULL, '001', 'CINTA', '0', '2022-09-03 12:21:58', '0000-00-00 00:00:00', 'HERMAN'),
(145, 3, NULL, '001', 'CINTA', '0', '2022-09-03 12:21:58', '0000-00-00 00:00:00', 'HERMAN'),
(146, 3, NULL, '001', 'CINTA', '0', '2022-09-03 12:21:58', '0000-00-00 00:00:00', 'HERMAN'),
(147, 3, NULL, '001', 'CINTA', '0', '2022-09-03 12:21:58', '0000-00-00 00:00:00', 'HERMAN'),
(148, 3, NULL, '001', 'CINTA', '0', '2022-09-03 12:21:58', '0000-00-00 00:00:00', 'HERMAN'),
(149, 3, NULL, '001', 'CINTA', '0', '2022-09-03 12:21:58', '0000-00-00 00:00:00', 'HERMAN'),
(150, 3, NULL, '001', 'CINTA', '0', '2022-09-03 12:21:58', '0000-00-00 00:00:00', 'HERMAN'),
(151, 3, NULL, '001', 'CINTA', '0', '2022-09-03 12:21:58', '0000-00-00 00:00:00', 'HERMAN'),
(152, 3, NULL, '001', 'CINTA', '0', '2022-09-03 12:21:58', '0000-00-00 00:00:00', 'HERMAN'),
(153, 3, NULL, '002', 'bella', '135000', '2022-09-07 08:22:41', '0000-00-00 00:00:00', 'admin'),
(154, 3, NULL, '002', 'bella', '135000', '2022-09-07 08:22:41', '0000-00-00 00:00:00', 'admin'),
(155, 3, NULL, '002', 'bella', '0', '2022-09-07 08:22:41', '0000-00-00 00:00:00', 'admin'),
(156, 3, NULL, '002', 'bella', '0', '2022-09-07 08:22:41', '0000-00-00 00:00:00', 'admin'),
(157, 3, NULL, '002', 'bella', '0', '2022-09-07 08:22:41', '0000-00-00 00:00:00', 'admin'),
(158, 3, NULL, '002', 'bella', '0', '2022-09-07 08:22:41', '0000-00-00 00:00:00', 'admin'),
(159, 3, NULL, '002', 'bella', '0', '2022-09-07 08:22:41', '0000-00-00 00:00:00', 'admin'),
(160, 3, NULL, '002', 'bella', '0', '2022-09-07 08:22:41', '0000-00-00 00:00:00', 'admin'),
(161, 3, NULL, '002', 'bella', '0', '2022-09-07 08:22:41', '0000-00-00 00:00:00', 'admin'),
(162, 3, NULL, '002', 'bella', '0', '2022-09-07 08:22:41', '0000-00-00 00:00:00', 'admin'),
(163, 3, NULL, '002', 'bella', '0', '2022-09-07 08:22:41', '0000-00-00 00:00:00', 'admin'),
(164, 3, NULL, '002', 'bella', '0', '2022-09-07 08:22:41', '0000-00-00 00:00:00', 'admin'),
(165, 3, NULL, '002', 'bella', '0', '2022-09-07 08:22:41', '0000-00-00 00:00:00', 'admin'),
(166, 3, NULL, '002', 'bella', '0', '2022-09-07 08:22:41', '0000-00-00 00:00:00', 'admin'),
(167, 3, NULL, '002', 'bella', '0', '2022-09-07 08:22:41', '0000-00-00 00:00:00', 'admin'),
(168, 3, NULL, '002', 'bella', '0', '2022-09-07 08:22:41', '0000-00-00 00:00:00', 'admin'),
(169, 3, NULL, '002', 'bella', '0', '2022-09-07 08:22:41', '0000-00-00 00:00:00', 'admin'),
(170, 3, NULL, '002', 'bella', '0', '2022-09-07 08:22:41', '0000-00-00 00:00:00', 'admin'),
(171, 3, NULL, '002', 'bella', '0', '2022-09-07 08:22:41', '0000-00-00 00:00:00', 'admin'),
(172, 3, NULL, '002', 'bella', '0', '2022-09-07 08:22:41', '0000-00-00 00:00:00', 'admin'),
(173, 3, NULL, '002', 'bella', '0', '2022-09-07 08:22:41', '0000-00-00 00:00:00', 'admin'),
(174, 3, NULL, '002', 'bella', '0', '2022-09-07 08:22:41', '0000-00-00 00:00:00', 'admin'),
(175, 3, NULL, '002', 'bella', '0', '2022-09-07 08:22:41', '0000-00-00 00:00:00', 'admin'),
(176, 3, NULL, '002', 'bella', '0', '2022-09-07 08:22:41', '0000-00-00 00:00:00', 'admin'),
(177, 3, NULL, '002', 'bella', '0', '2022-09-07 08:22:41', '0000-00-00 00:00:00', 'admin'),
(178, 3, NULL, '003', 'Bella', '135000', '2022-09-08 09:05:31', '0000-00-00 00:00:00', 'admin'),
(179, 3, NULL, '004', 'Bella', '0', '2022-09-08 10:33:50', '0000-00-00 00:00:00', 'admin'),
(180, 3, NULL, '004', 'Bella', '0', '2022-09-08 10:33:50', '0000-00-00 00:00:00', 'admin'),
(181, 3, NULL, '004', 'Bece', '0', '2022-09-08 10:56:30', '0000-00-00 00:00:00', 'admin'),
(182, 3, NULL, '004', 'Bece', '630000', '2022-09-08 10:56:30', '0000-00-00 00:00:00', 'admin'),
(183, 3, NULL, '004', 'Bece', '225000', '2022-09-08 10:56:30', '0000-00-00 00:00:00', 'admin'),
(184, 3, NULL, '005', 'Bella', '0', '2022-09-08 10:58:36', '0000-00-00 00:00:00', 'admin'),
(185, 3, NULL, '005', 'r', '315000', '2022-09-09 04:06:49', '0000-00-00 00:00:00', 'admin'),
(186, 3, NULL, '005', 'r', '210000', '2022-09-09 04:06:49', '0000-00-00 00:00:00', 'admin'),
(187, 3, NULL, '006', 't', '0', '2022-09-09 04:11:19', '0000-00-00 00:00:00', 'admin'),
(188, 3, NULL, '006', 't', '0', '2022-09-09 04:11:19', '0000-00-00 00:00:00', 'admin'),
(189, 3, NULL, '006', 't', '0', '2022-09-09 04:11:19', '0000-00-00 00:00:00', 'admin'),
(190, 3, NULL, '006', 't', '0', '2022-09-09 04:11:19', '0000-00-00 00:00:00', 'admin'),
(191, 3, NULL, '006', 't', '0', '2022-09-09 04:11:19', '0000-00-00 00:00:00', 'admin'),
(192, 3, NULL, '006', 't', '0', '2022-09-09 04:11:19', '0000-00-00 00:00:00', 'admin'),
(193, 3, NULL, '006', 't', '0', '2022-09-09 04:11:19', '0000-00-00 00:00:00', 'admin'),
(194, 3, NULL, '006', 't', '0', '2022-09-09 04:11:19', '0000-00-00 00:00:00', 'admin'),
(195, 3, NULL, '006', 't', '0', '2022-09-09 04:11:19', '0000-00-00 00:00:00', 'admin'),
(196, 3, NULL, '006', 't', '0', '2022-09-09 04:11:19', '0000-00-00 00:00:00', 'admin'),
(197, 3, NULL, '006', 't', '0', '2022-09-09 04:11:19', '0000-00-00 00:00:00', 'admin'),
(198, 3, NULL, '006', 't', '0', '2022-09-09 04:11:19', '0000-00-00 00:00:00', 'admin'),
(199, 3, NULL, '006', 't', '0', '2022-09-09 04:11:19', '0000-00-00 00:00:00', 'admin'),
(200, 3, NULL, '006', 't', '0', '2022-09-09 04:11:19', '0000-00-00 00:00:00', 'admin'),
(201, 3, NULL, '006', 't', '0', '2022-09-09 04:11:19', '0000-00-00 00:00:00', 'admin'),
(202, 3, NULL, '006', 't', '0', '2022-09-09 04:11:19', '0000-00-00 00:00:00', 'admin'),
(203, 3, NULL, '006', 't', '0', '2022-09-09 04:11:19', '0000-00-00 00:00:00', 'admin'),
(204, 3, NULL, '006', 't', '0', '2022-09-09 04:11:19', '0000-00-00 00:00:00', 'admin'),
(205, 3, NULL, '006', 't', '0', '2022-09-09 04:11:19', '0000-00-00 00:00:00', 'admin'),
(206, 3, NULL, '006', 't', '0', '2022-09-09 04:11:19', '0000-00-00 00:00:00', 'admin'),
(207, 3, NULL, '006', 't', '0', '2022-09-09 04:11:19', '0000-00-00 00:00:00', 'admin'),
(208, 3, NULL, '006', 't', '0', '2022-09-09 04:11:19', '0000-00-00 00:00:00', 'admin'),
(209, 3, NULL, '006', 't', '0', '2022-09-09 04:11:19', '0000-00-00 00:00:00', 'admin'),
(210, 3, NULL, '006', 't', '0', '2022-09-09 04:11:19', '0000-00-00 00:00:00', 'admin'),
(211, 3, NULL, '006', 't', '0', '2022-09-09 04:11:19', '0000-00-00 00:00:00', 'admin'),
(212, 3, NULL, '006', 'f', '0', '2022-09-09 04:12:25', '0000-00-00 00:00:00', 'admin'),
(213, 3, NULL, '006', 'f', '0', '2022-09-09 04:12:25', '0000-00-00 00:00:00', 'admin'),
(214, 3, NULL, '006', 'f', '0', '2022-09-09 04:12:25', '0000-00-00 00:00:00', 'admin'),
(215, 3, NULL, '006', 'f', '0', '2022-09-09 04:12:25', '0000-00-00 00:00:00', 'admin'),
(216, 3, NULL, '006', 'f', '0', '2022-09-09 04:12:25', '0000-00-00 00:00:00', 'admin'),
(217, 3, NULL, '006', 'f', '0', '2022-09-09 04:12:25', '0000-00-00 00:00:00', 'admin'),
(218, 3, NULL, '006', 'f', '0', '2022-09-09 04:12:25', '0000-00-00 00:00:00', 'admin'),
(219, 3, NULL, '006', 'f', '0', '2022-09-09 04:12:25', '0000-00-00 00:00:00', 'admin'),
(220, 3, NULL, '006', 'f', '0', '2022-09-09 04:12:25', '0000-00-00 00:00:00', 'admin'),
(221, 3, NULL, '006', 'f', '0', '2022-09-09 04:12:25', '0000-00-00 00:00:00', 'admin'),
(222, 3, NULL, '006', 'f', '0', '2022-09-09 04:12:25', '0000-00-00 00:00:00', 'admin'),
(223, 3, NULL, '006', 'f', '0', '2022-09-09 04:12:25', '0000-00-00 00:00:00', 'admin'),
(224, 3, NULL, '006', 'f', '0', '2022-09-09 04:12:25', '0000-00-00 00:00:00', 'admin'),
(225, 3, NULL, '006', 'f', '0', '2022-09-09 04:12:25', '0000-00-00 00:00:00', 'admin'),
(226, 3, NULL, '006', 'f', '0', '2022-09-09 04:12:25', '0000-00-00 00:00:00', 'admin'),
(227, 3, NULL, '006', 'f', '0', '2022-09-09 04:12:25', '0000-00-00 00:00:00', 'admin'),
(228, 3, NULL, '006', 'f', '0', '2022-09-09 04:12:25', '0000-00-00 00:00:00', 'admin'),
(229, 3, NULL, '006', 'f', '0', '2022-09-09 04:12:25', '0000-00-00 00:00:00', 'admin'),
(230, 3, NULL, '006', 'f', '0', '2022-09-09 04:12:25', '0000-00-00 00:00:00', 'admin'),
(231, 3, NULL, '006', 'f', '0', '2022-09-09 04:12:25', '0000-00-00 00:00:00', 'admin'),
(232, 3, NULL, '006', 'f', '0', '2022-09-09 04:12:25', '0000-00-00 00:00:00', 'admin'),
(233, 3, NULL, '006', 'f', '0', '2022-09-09 04:12:25', '0000-00-00 00:00:00', 'admin'),
(234, 3, NULL, '006', 'f', '0', '2022-09-09 04:12:25', '0000-00-00 00:00:00', 'admin'),
(235, 3, NULL, '006', 'f', '0', '2022-09-09 04:12:25', '0000-00-00 00:00:00', 'admin'),
(236, 3, NULL, '006', 'f', '0', '2022-09-09 04:12:25', '0000-00-00 00:00:00', 'admin'),
(237, 3, NULL, '006', 'u', '0', '2022-09-09 04:13:23', '0000-00-00 00:00:00', 'admin'),
(238, 3, NULL, '006', 'u', '0', '2022-09-09 04:13:23', '0000-00-00 00:00:00', 'admin'),
(239, 3, NULL, '006', 'u', '0', '2022-09-09 04:13:23', '0000-00-00 00:00:00', 'admin'),
(240, 3, NULL, '006', 'u', '0', '2022-09-09 04:13:23', '0000-00-00 00:00:00', 'admin'),
(241, 3, NULL, '006', 'u', '0', '2022-09-09 04:13:23', '0000-00-00 00:00:00', 'admin'),
(242, 3, NULL, '006', 'u', '0', '2022-09-09 04:13:23', '0000-00-00 00:00:00', 'admin'),
(243, 3, NULL, '006', 'u', '0', '2022-09-09 04:13:23', '0000-00-00 00:00:00', 'admin'),
(244, 3, NULL, '006', 'u', '0', '2022-09-09 04:13:23', '0000-00-00 00:00:00', 'admin'),
(245, 3, NULL, '006', 'u', '0', '2022-09-09 04:13:23', '0000-00-00 00:00:00', 'admin'),
(246, 3, NULL, '006', 'u', '0', '2022-09-09 04:13:23', '0000-00-00 00:00:00', 'admin'),
(247, 3, NULL, '006', 'u', '0', '2022-09-09 04:13:23', '0000-00-00 00:00:00', 'admin'),
(248, 3, NULL, '006', 'u', '0', '2022-09-09 04:13:23', '0000-00-00 00:00:00', 'admin'),
(249, 3, NULL, '006', 'u', '0', '2022-09-09 04:13:23', '0000-00-00 00:00:00', 'admin'),
(250, 3, NULL, '006', 'u', '0', '2022-09-09 04:13:23', '0000-00-00 00:00:00', 'admin'),
(251, 3, NULL, '006', 'u', '0', '2022-09-09 04:13:23', '0000-00-00 00:00:00', 'admin'),
(252, 3, NULL, '006', 'u', '0', '2022-09-09 04:13:23', '0000-00-00 00:00:00', 'admin'),
(253, 3, NULL, '006', 'u', '0', '2022-09-09 04:13:23', '0000-00-00 00:00:00', 'admin'),
(254, 3, NULL, '006', 'u', '0', '2022-09-09 04:13:23', '0000-00-00 00:00:00', 'admin'),
(255, 3, NULL, '006', 'u', '0', '2022-09-09 04:13:23', '0000-00-00 00:00:00', 'admin'),
(256, 3, NULL, '006', 'u', '0', '2022-09-09 04:13:23', '0000-00-00 00:00:00', 'admin'),
(257, 3, NULL, '006', 'u', '0', '2022-09-09 04:13:23', '0000-00-00 00:00:00', 'admin'),
(258, 3, NULL, '006', 'u', '0', '2022-09-09 04:13:23', '0000-00-00 00:00:00', 'admin'),
(259, 3, NULL, '006', 'u', '0', '2022-09-09 04:13:23', '0000-00-00 00:00:00', 'admin'),
(260, 3, NULL, '006', 'u', '0', '2022-09-09 04:13:23', '0000-00-00 00:00:00', 'admin'),
(261, 3, NULL, '006', 'u', '0', '2022-09-09 04:13:23', '0000-00-00 00:00:00', 'admin'),
(262, 3, NULL, '006', 'y', '0', '2022-09-09 04:16:33', '0000-00-00 00:00:00', 'admin'),
(263, 3, NULL, '006', 'y', '0', '2022-09-09 04:16:33', '0000-00-00 00:00:00', 'admin'),
(264, 3, NULL, '006', 'y', '0', '2022-09-09 04:16:33', '0000-00-00 00:00:00', 'admin'),
(265, 3, NULL, '006', 'y', '0', '2022-09-09 04:16:33', '0000-00-00 00:00:00', 'admin'),
(266, 3, NULL, '006', 'y', '0', '2022-09-09 04:16:33', '0000-00-00 00:00:00', 'admin'),
(267, 3, NULL, '006', 'y', '0', '2022-09-09 04:16:33', '0000-00-00 00:00:00', 'admin'),
(268, 3, NULL, '006', 'y', '0', '2022-09-09 04:16:33', '0000-00-00 00:00:00', 'admin'),
(269, 3, NULL, '006', 'y', '0', '2022-09-09 04:16:33', '0000-00-00 00:00:00', 'admin'),
(270, 3, NULL, '006', 'y', '0', '2022-09-09 04:16:33', '0000-00-00 00:00:00', 'admin'),
(271, 3, NULL, '006', 'y', '0', '2022-09-09 04:16:33', '0000-00-00 00:00:00', 'admin'),
(272, 3, NULL, '006', 'y', '0', '2022-09-09 04:16:33', '0000-00-00 00:00:00', 'admin'),
(273, 3, NULL, '006', 'y', '0', '2022-09-09 04:16:33', '0000-00-00 00:00:00', 'admin'),
(274, 3, NULL, '006', 'y', '0', '2022-09-09 04:16:33', '0000-00-00 00:00:00', 'admin'),
(275, 3, NULL, '006', 'y', '0', '2022-09-09 04:16:33', '0000-00-00 00:00:00', 'admin'),
(276, 3, NULL, '006', 'y', '0', '2022-09-09 04:16:33', '0000-00-00 00:00:00', 'admin'),
(277, 3, NULL, '006', 'y', '0', '2022-09-09 04:16:33', '0000-00-00 00:00:00', 'admin'),
(278, 3, NULL, '006', 'y', '0', '2022-09-09 04:16:33', '0000-00-00 00:00:00', 'admin'),
(279, 3, NULL, '006', 'y', '0', '2022-09-09 04:16:33', '0000-00-00 00:00:00', 'admin'),
(280, 3, NULL, '006', 'y', '0', '2022-09-09 04:16:33', '0000-00-00 00:00:00', 'admin'),
(281, 3, NULL, '006', 'y', '0', '2022-09-09 04:16:33', '0000-00-00 00:00:00', 'admin'),
(282, 3, NULL, '006', 'y', '0', '2022-09-09 04:16:33', '0000-00-00 00:00:00', 'admin'),
(283, 3, NULL, '006', 'y', '0', '2022-09-09 04:16:33', '0000-00-00 00:00:00', 'admin'),
(284, 3, NULL, '006', 'y', '0', '2022-09-09 04:16:33', '0000-00-00 00:00:00', 'admin'),
(285, 3, NULL, '006', 'y', '0', '2022-09-09 04:16:33', '0000-00-00 00:00:00', 'admin'),
(286, 3, NULL, '006', 'y', '0', '2022-09-09 04:16:33', '0000-00-00 00:00:00', 'admin'),
(287, 3, NULL, '006', 'g', '0', '2022-09-09 04:17:00', '0000-00-00 00:00:00', 'admin'),
(288, 3, NULL, '006', 'g', '0', '2022-09-09 04:17:00', '0000-00-00 00:00:00', 'admin'),
(289, 3, NULL, '006', 'g', '0', '2022-09-09 04:17:00', '0000-00-00 00:00:00', 'admin'),
(290, 3, NULL, '006', 'g', '0', '2022-09-09 04:17:00', '0000-00-00 00:00:00', 'admin'),
(291, 3, NULL, '006', 'g', '0', '2022-09-09 04:17:00', '0000-00-00 00:00:00', 'admin'),
(292, 3, NULL, '006', 'g', '0', '2022-09-09 04:17:00', '0000-00-00 00:00:00', 'admin'),
(293, 3, NULL, '006', 'g', '0', '2022-09-09 04:17:00', '0000-00-00 00:00:00', 'admin'),
(294, 3, NULL, '006', 'g', '0', '2022-09-09 04:17:00', '0000-00-00 00:00:00', 'admin'),
(295, 3, NULL, '006', 'g', '0', '2022-09-09 04:17:00', '0000-00-00 00:00:00', 'admin'),
(296, 3, NULL, '006', 'g', '0', '2022-09-09 04:17:00', '0000-00-00 00:00:00', 'admin'),
(297, 3, NULL, '006', 'g', '0', '2022-09-09 04:17:00', '0000-00-00 00:00:00', 'admin'),
(298, 3, NULL, '006', 'g', '0', '2022-09-09 04:17:00', '0000-00-00 00:00:00', 'admin'),
(299, 3, NULL, '006', 'g', '0', '2022-09-09 04:17:00', '0000-00-00 00:00:00', 'admin'),
(300, 3, NULL, '006', 'g', '0', '2022-09-09 04:17:00', '0000-00-00 00:00:00', 'admin'),
(301, 3, NULL, '006', 'g', '0', '2022-09-09 04:17:00', '0000-00-00 00:00:00', 'admin'),
(302, 3, NULL, '006', 'g', '0', '2022-09-09 04:17:00', '0000-00-00 00:00:00', 'admin'),
(303, 3, NULL, '006', 'g', '0', '2022-09-09 04:17:00', '0000-00-00 00:00:00', 'admin'),
(304, 3, NULL, '006', 'g', '0', '2022-09-09 04:17:00', '0000-00-00 00:00:00', 'admin'),
(305, 3, NULL, '006', 'g', '0', '2022-09-09 04:17:00', '0000-00-00 00:00:00', 'admin'),
(306, 3, NULL, '006', 'g', '0', '2022-09-09 04:17:00', '0000-00-00 00:00:00', 'admin'),
(307, 3, NULL, '006', 'g', '0', '2022-09-09 04:17:00', '0000-00-00 00:00:00', 'admin'),
(308, 3, NULL, '006', 'g', '0', '2022-09-09 04:17:00', '0000-00-00 00:00:00', 'admin'),
(309, 3, NULL, '006', 'g', '0', '2022-09-09 04:17:00', '0000-00-00 00:00:00', 'admin'),
(310, 3, NULL, '006', 'g', '0', '2022-09-09 04:17:00', '0000-00-00 00:00:00', 'admin'),
(311, 3, NULL, '006', 'g', '0', '2022-09-09 04:17:00', '0000-00-00 00:00:00', 'admin'),
(312, 3, NULL, '006', 'u', '0', '2022-09-09 04:17:23', '0000-00-00 00:00:00', 'admin'),
(313, 3, NULL, '006', 'u', '0', '2022-09-09 04:17:23', '0000-00-00 00:00:00', 'admin'),
(314, 3, NULL, '006', 'u', '0', '2022-09-09 04:17:23', '0000-00-00 00:00:00', 'admin'),
(315, 3, NULL, '006', 'u', '0', '2022-09-09 04:17:23', '0000-00-00 00:00:00', 'admin'),
(316, 3, NULL, '006', 'u', '0', '2022-09-09 04:17:23', '0000-00-00 00:00:00', 'admin'),
(317, 3, NULL, '006', 'u', '0', '2022-09-09 04:17:23', '0000-00-00 00:00:00', 'admin'),
(318, 3, NULL, '006', 'u', '0', '2022-09-09 04:17:23', '0000-00-00 00:00:00', 'admin'),
(319, 3, NULL, '006', 'u', '0', '2022-09-09 04:17:23', '0000-00-00 00:00:00', 'admin'),
(320, 3, NULL, '006', 'u', '0', '2022-09-09 04:17:23', '0000-00-00 00:00:00', 'admin'),
(321, 3, NULL, '006', 'u', '0', '2022-09-09 04:17:23', '0000-00-00 00:00:00', 'admin'),
(322, 3, NULL, '006', 'u', '0', '2022-09-09 04:17:23', '0000-00-00 00:00:00', 'admin'),
(323, 3, NULL, '006', 'u', '0', '2022-09-09 04:17:23', '0000-00-00 00:00:00', 'admin'),
(324, 3, NULL, '006', 'u', '0', '2022-09-09 04:17:23', '0000-00-00 00:00:00', 'admin'),
(325, 3, NULL, '006', 'u', '0', '2022-09-09 04:17:23', '0000-00-00 00:00:00', 'admin'),
(326, 3, NULL, '006', 'u', '0', '2022-09-09 04:17:23', '0000-00-00 00:00:00', 'admin'),
(327, 3, NULL, '006', 'u', '0', '2022-09-09 04:17:23', '0000-00-00 00:00:00', 'admin'),
(328, 3, NULL, '006', 'u', '0', '2022-09-09 04:17:23', '0000-00-00 00:00:00', 'admin'),
(329, 3, NULL, '006', 'u', '0', '2022-09-09 04:17:23', '0000-00-00 00:00:00', 'admin'),
(330, 3, NULL, '006', 'u', '0', '2022-09-09 04:17:23', '0000-00-00 00:00:00', 'admin'),
(331, 3, NULL, '006', 'u', '0', '2022-09-09 04:17:23', '0000-00-00 00:00:00', 'admin'),
(332, 3, NULL, '006', 'u', '0', '2022-09-09 04:17:23', '0000-00-00 00:00:00', 'admin'),
(333, 3, NULL, '006', 'u', '0', '2022-09-09 04:17:23', '0000-00-00 00:00:00', 'admin'),
(334, 3, NULL, '006', 'u', '0', '2022-09-09 04:17:23', '0000-00-00 00:00:00', 'admin'),
(335, 3, NULL, '006', 'u', '0', '2022-09-09 04:17:23', '0000-00-00 00:00:00', 'admin'),
(336, 3, NULL, '006', 'u', '0', '2022-09-09 04:17:23', '0000-00-00 00:00:00', 'admin'),
(337, 3, NULL, '006', 'y', '0', '2022-09-09 04:18:47', '0000-00-00 00:00:00', 'admin'),
(338, 3, NULL, '006', 'y', '0', '2022-09-09 04:18:47', '0000-00-00 00:00:00', 'admin'),
(339, 3, NULL, '006', 'y', '0', '2022-09-09 04:18:47', '0000-00-00 00:00:00', 'admin'),
(340, 3, NULL, '006', 'y', '0', '2022-09-09 04:18:47', '0000-00-00 00:00:00', 'admin'),
(341, 3, NULL, '006', 'y', '0', '2022-09-09 04:18:47', '0000-00-00 00:00:00', 'admin'),
(342, 3, NULL, '006', 'y', '0', '2022-09-09 04:18:47', '0000-00-00 00:00:00', 'admin'),
(343, 3, NULL, '006', 'y', '0', '2022-09-09 04:18:47', '0000-00-00 00:00:00', 'admin'),
(344, 3, NULL, '006', 'y', '0', '2022-09-09 04:18:47', '0000-00-00 00:00:00', 'admin'),
(345, 3, NULL, '006', 'y', '0', '2022-09-09 04:18:47', '0000-00-00 00:00:00', 'admin'),
(346, 3, NULL, '006', 'y', '0', '2022-09-09 04:18:47', '0000-00-00 00:00:00', 'admin'),
(347, 3, NULL, '006', 'y', '0', '2022-09-09 04:18:47', '0000-00-00 00:00:00', 'admin'),
(348, 3, NULL, '006', 'y', '0', '2022-09-09 04:18:47', '0000-00-00 00:00:00', 'admin'),
(349, 3, NULL, '006', 'y', '0', '2022-09-09 04:18:47', '0000-00-00 00:00:00', 'admin'),
(350, 3, NULL, '006', 'y', '0', '2022-09-09 04:18:47', '0000-00-00 00:00:00', 'admin'),
(351, 3, NULL, '006', 'y', '0', '2022-09-09 04:18:47', '0000-00-00 00:00:00', 'admin'),
(352, 3, NULL, '006', 'y', '0', '2022-09-09 04:18:47', '0000-00-00 00:00:00', 'admin'),
(353, 3, NULL, '006', 'y', '0', '2022-09-09 04:18:47', '0000-00-00 00:00:00', 'admin'),
(354, 3, NULL, '006', 'y', '0', '2022-09-09 04:18:47', '0000-00-00 00:00:00', 'admin'),
(355, 3, NULL, '006', 'y', '0', '2022-09-09 04:18:47', '0000-00-00 00:00:00', 'admin'),
(356, 3, NULL, '006', 'y', '0', '2022-09-09 04:18:47', '0000-00-00 00:00:00', 'admin'),
(357, 3, NULL, '006', 'y', '0', '2022-09-09 04:18:47', '0000-00-00 00:00:00', 'admin'),
(358, 3, NULL, '006', 'y', '0', '2022-09-09 04:18:47', '0000-00-00 00:00:00', 'admin'),
(359, 3, NULL, '006', 'y', '0', '2022-09-09 04:18:47', '0000-00-00 00:00:00', 'admin'),
(360, 3, NULL, '006', 'y', '0', '2022-09-09 04:18:47', '0000-00-00 00:00:00', 'admin'),
(361, 3, NULL, '006', 'y', '0', '2022-09-09 04:18:47', '0000-00-00 00:00:00', 'admin'),
(362, 3, NULL, '006', 'h', '525000', '2022-09-09 04:20:55', '0000-00-00 00:00:00', 'admin'),
(363, 3, NULL, '006', 'h', '0', '2022-09-09 04:20:55', '0000-00-00 00:00:00', 'admin'),
(364, 3, NULL, '006', 'h', '0', '2022-09-09 04:20:55', '0000-00-00 00:00:00', 'admin'),
(365, 3, NULL, '006', 'h', '0', '2022-09-09 04:20:55', '0000-00-00 00:00:00', 'admin'),
(366, 3, NULL, '006', 'h', '0', '2022-09-09 04:20:55', '0000-00-00 00:00:00', 'admin'),
(367, 3, NULL, '006', 'h', '0', '2022-09-09 04:20:55', '0000-00-00 00:00:00', 'admin'),
(368, 3, NULL, '006', 'h', '0', '2022-09-09 04:20:55', '0000-00-00 00:00:00', 'admin'),
(369, 3, NULL, '006', 'h', '0', '2022-09-09 04:20:55', '0000-00-00 00:00:00', 'admin'),
(370, 3, NULL, '006', 'h', '0', '2022-09-09 04:20:55', '0000-00-00 00:00:00', 'admin'),
(371, 3, NULL, '006', 'h', '0', '2022-09-09 04:20:55', '0000-00-00 00:00:00', 'admin'),
(372, 3, NULL, '006', 'h', '0', '2022-09-09 04:20:55', '0000-00-00 00:00:00', 'admin'),
(373, 3, NULL, '006', 'h', '0', '2022-09-09 04:20:55', '0000-00-00 00:00:00', 'admin'),
(374, 3, NULL, '006', 'h', '0', '2022-09-09 04:20:55', '0000-00-00 00:00:00', 'admin'),
(375, 3, NULL, '006', 'h', '0', '2022-09-09 04:20:55', '0000-00-00 00:00:00', 'admin'),
(376, 3, NULL, '006', 'h', '0', '2022-09-09 04:20:55', '0000-00-00 00:00:00', 'admin'),
(377, 3, NULL, '006', 'h', '0', '2022-09-09 04:20:55', '0000-00-00 00:00:00', 'admin'),
(378, 3, NULL, '006', 'h', '0', '2022-09-09 04:20:55', '0000-00-00 00:00:00', 'admin'),
(379, 3, NULL, '006', 'h', '0', '2022-09-09 04:20:55', '0000-00-00 00:00:00', 'admin'),
(380, 3, NULL, '006', 'h', '0', '2022-09-09 04:20:55', '0000-00-00 00:00:00', 'admin'),
(381, 3, NULL, '006', 'h', '0', '2022-09-09 04:20:55', '0000-00-00 00:00:00', 'admin'),
(382, 3, NULL, '006', 'h', '0', '2022-09-09 04:20:55', '0000-00-00 00:00:00', 'admin'),
(383, 3, NULL, '006', 'h', '0', '2022-09-09 04:20:55', '0000-00-00 00:00:00', 'admin'),
(384, 3, NULL, '006', 'h', '0', '2022-09-09 04:20:55', '0000-00-00 00:00:00', 'admin'),
(385, 3, NULL, '006', 'h', '0', '2022-09-09 04:20:55', '0000-00-00 00:00:00', 'admin'),
(386, 3, NULL, '006', 'h', '0', '2022-09-09 04:20:55', '0000-00-00 00:00:00', 'admin'),
(387, 3, NULL, '007', 'f', '0', '2022-09-09 04:23:29', '0000-00-00 00:00:00', 'admin'),
(388, 3, NULL, '007', 'f', '0', '2022-09-09 04:23:29', '0000-00-00 00:00:00', 'admin'),
(389, 3, NULL, '007', 'h', '0', '2022-09-09 04:24:14', '0000-00-00 00:00:00', 'admin'),
(390, 3, NULL, '007', 'k', '210000', '2022-09-09 04:28:03', '0000-00-00 00:00:00', 'admin'),
(391, 3, NULL, '007', 'k', '135000', '2022-09-09 04:28:03', '0000-00-00 00:00:00', 'admin'),
(392, 3, NULL, '008', 'h', '0', '2022-09-09 04:28:28', '0000-00-00 00:00:00', 'admin'),
(393, 3, NULL, '008', 'h', '0', '2022-09-09 04:28:28', '0000-00-00 00:00:00', 'admin'),
(394, 3, NULL, '008', 'h', '210000', '2022-09-09 04:30:42', '0000-00-00 00:00:00', 'admin'),
(395, 3, NULL, '009', 'k', '135000', '2022-09-09 04:31:01', '0000-00-00 00:00:00', 'admin'),
(396, 3, NULL, '009', 'k', '180000', '2022-09-09 04:31:01', '0000-00-00 00:00:00', 'admin'),
(397, 3, NULL, '010', 'test', '135000', '2022-09-09 09:45:46', '0000-00-00 00:00:00', 'admin'),
(398, 3, NULL, '010', 'test', '135000', '2022-09-09 09:45:46', '0000-00-00 00:00:00', 'admin'),
(399, 3, NULL, '010', 'test', '135000', '2022-09-09 09:45:46', '0000-00-00 00:00:00', 'admin'),
(400, 3, NULL, '011', 'test', '135000', '2022-09-09 09:48:09', '0000-00-00 00:00:00', 'admin'),
(401, 3, NULL, '011', 'test', '135000', '2022-09-09 09:48:09', '0000-00-00 00:00:00', 'admin');

--
-- Indexes for dumped tables
--

--
-- Indeks untuk tabel `agen`
--
ALTER TABLE `agen`
  ADD PRIMARY KEY (`id`);

--
-- Indeks untuk tabel `artikel`
--
ALTER TABLE `artikel`
  ADD PRIMARY KEY (`id`);

--
-- Indeks untuk tabel `barang`
--
ALTER TABLE `barang`
  ADD PRIMARY KEY (`id`);

--
-- Indeks untuk tabel `faktur_retur`
--
ALTER TABLE `faktur_retur`
  ADD PRIMARY KEY (`id`);

--
-- Indeks untuk tabel `kategori`
--
ALTER TABLE `kategori`
  ADD PRIMARY KEY (`id`);

--
-- Indeks untuk tabel `master_user`
--
ALTER TABLE `master_user`
  ADD PRIMARY KEY (`id`);

--
-- Indeks untuk tabel `penjualan`
--
ALTER TABLE `penjualan`
  ADD PRIMARY KEY (`id`);

--
-- Indeks untuk tabel `stok`
--
ALTER TABLE `stok`
  ADD PRIMARY KEY (`id`);

--
-- Indeks untuk tabel `tagihan`
--
ALTER TABLE `tagihan`
  ADD PRIMARY KEY (`id`);

--
-- AUTO_INCREMENT untuk tabel yang dibuang
--

--
-- AUTO_INCREMENT untuk tabel `agen`
--
ALTER TABLE `agen`
  MODIFY `id` int(11) NOT NULL AUTO_INCREMENT, AUTO_INCREMENT=4;

--
-- AUTO_INCREMENT untuk tabel `artikel`
--
ALTER TABLE `artikel`
  MODIFY `id` int(11) NOT NULL AUTO_INCREMENT, AUTO_INCREMENT=3;

--
-- AUTO_INCREMENT untuk tabel `barang`
--
ALTER TABLE `barang`
  MODIFY `id` int(11) NOT NULL AUTO_INCREMENT, AUTO_INCREMENT=48;

--
-- AUTO_INCREMENT untuk tabel `faktur_retur`
--
ALTER TABLE `faktur_retur`
  MODIFY `id` int(11) NOT NULL AUTO_INCREMENT, AUTO_INCREMENT=2;

--
-- AUTO_INCREMENT untuk tabel `kategori`
--
ALTER TABLE `kategori`
  MODIFY `id` int(11) NOT NULL AUTO_INCREMENT, AUTO_INCREMENT=3;

--
-- AUTO_INCREMENT untuk tabel `master_user`
--
ALTER TABLE `master_user`
  MODIFY `id` int(11) NOT NULL AUTO_INCREMENT, AUTO_INCREMENT=2113;

--
-- AUTO_INCREMENT untuk tabel `penjualan`
--
ALTER TABLE `penjualan`
  MODIFY `id` int(11) NOT NULL AUTO_INCREMENT, AUTO_INCREMENT=437;

--
-- AUTO_INCREMENT untuk tabel `stok`
--
ALTER TABLE `stok`
  MODIFY `id` int(11) NOT NULL AUTO_INCREMENT, AUTO_INCREMENT=42;

--
-- AUTO_INCREMENT untuk tabel `tagihan`
--
ALTER TABLE `tagihan`
  MODIFY `id` int(11) NOT NULL AUTO_INCREMENT, AUTO_INCREMENT=402;
COMMIT;

/*!40101 SET CHARACTER_SET_CLIENT=@OLD_CHARACTER_SET_CLIENT */;
/*!40101 SET CHARACTER_SET_RESULTS=@OLD_CHARACTER_SET_RESULTS */;
/*!40101 SET COLLATION_CONNECTION=@OLD_COLLATION_CONNECTION */;
